{
  "Author": "Luo Xuanxuan",
  "Name": "Mogship Uploader",
  "InternalName": "MogshipUploader",
  "AssemblyVersion": "0.2.0.0",
  "Description": "Uploads Voyage Log Data to Mogship.",
  "ApplicableVersion": "any",
  "Tags": [
    "submersible",
    "airship",
    "voyages",
    "mogship"
  ],
  "DalamudApiLevel": 8,
  "LoadRequiredState": 0,
  "LoadSync": false,
  "LoadPriority": 0,
  "IconUrl": "https://github.com/luo-xuanxuan/MogshipUploader/raw/master/MogshipUploader/icon.png",
  "Punchline": "Uploads Voyage Log Data to Mogship.",
  "AcceptsFeedback": true
}